{"entities":{"pages":{"getting-started":{"id":"getting-started","title":"Getting Started","url":"getting-started.html","level":0,"tabIndex":0},"implementations":{"id":"implementations","title":"Implementations","url":"implementations.html","level":0,"pages":["implement-homepage","implement-geopage","Materials-Page"],"tabIndex":1},"implement-homepage":{"id":"implement-homepage","title":"Home Page Optimization","url":"implement-homepage.html","level":1,"parentId":"implementations","tabIndex":0},"implement-geopage":{"id":"implement-geopage","title":"Geo Page Optimization","url":"implement-geopage.html","level":1,"parentId":"implementations","tabIndex":1},"Materials-Page":{"id":"Materials-Page","title":"Materials Page Optimization","url":"materials-page.html","level":1,"parentId":"implementations","tabIndex":2},"Dev":{"id":"Dev","title":"Development","url":"dev.html","level":0,"pages":["Default-topic"],"tabIndex":2},"Default-topic":{"id":"Default-topic","title":"Shortcodes","url":"default-topic.html","level":1,"parentId":"Dev","tabIndex":0}}},"topLevelIds":["getting-started","implementations","Dev"]}