{"entities":{"pages":{"getting-started":{"id":"getting-started","title":"Getting Started","url":"getting-started.html","level":0,"tabIndex":0},"implementations":{"id":"implementations","title":"Implementations","url":"implementations.html","level":0,"pages":["implement-homepage","implement-geopage","Materials-Page","Reviews"],"tabIndex":1},"implement-homepage":{"id":"implement-homepage","title":"Home Page Optimization","url":"implement-homepage.html","level":1,"parentId":"implementations","tabIndex":0},"implement-geopage":{"id":"implement-geopage","title":"Geo Page Optimization","url":"implement-geopage.html","level":1,"parentId":"implementations","tabIndex":1},"Materials-Page":{"id":"Materials-Page","title":"Materials Page Optimization","url":"materials-page.html","level":1,"parentId":"implementations","tabIndex":2},"Reviews":{"id":"Reviews","title":"Reviews","url":"reviews.html","level":1,"parentId":"implementations","tabIndex":3},"development":{"id":"development","title":"Development","url":"development.html","level":0,"pages":["shortcodes","utility-codes","components"],"tabIndex":2},"shortcodes":{"id":"shortcodes","title":"Shortcodes","url":"shortcodes.html","level":1,"parentId":"development","tabIndex":0},"utility-codes":{"id":"utility-codes","title":"Utility Codes","url":"utility-codes.html","level":1,"parentId":"development","tabIndex":1},"components":{"id":"components","title":"Block Components","url":"components.html","level":1,"parentId":"development","tabIndex":2}}},"topLevelIds":["getting-started","implementations","development"]}