{"title":"FCI Project Documentation","subtitle":"This section provides an overview of the topics related to project FCI/Devhub.","tips":[],"main":{"title":"Implementations","data":[{"title":"Getting Started","description":"A summary on how to get started on implementations","url":"implementations.html","type":"idea"},{"title":"Location Homepages","description":"Instructions on implementing and optimizing location homepages.","url":"implement-homepage.html","type":"documents"},{"title":"GEO Pages","description":"Instructions on implementing and optimizing location GEO pages.","url":"implement-geopage.html","type":"documents"},{"title":"Material Pages","description":"Instructions on implementing and optimizing material pages","url":"materials-page.html","type":"documents"},{"title":"Reviews","description":"Tyler\u0027s Reviews process for implementations","url":"reviews.html","type":"documents"}]},"highlighted":{"title":"Development","data":[{"title":"Overview","description":"Overview of the development process thats used in implementations","url":"development.html","type":"development"},{"title":"Shortcodes","description":"Mix data of shortcodes used on Devhub","url":"shortcodes.html","type":"mixed"},{"title":"Utility Codes","description":"Utility HTML and CSS classes used to stylize devhub markup","url":"utility-codes.html","type":"mixed"},{"title":"Components","description":"Custom Components used during implementation process.","url":"components.html","type":"mixed"}]},"prevNextLinks":{"nextPageUrl":"implementations.html","nextPageTitle":"Implementations"}}