{"title":"Getting Started with FCI/Devhub","subtitle":"This section provides an overview of the topics related to FCI/Devhub. Implementing FCI/Devhub can significantly enhance your development workflow, providing a centralized platform for managing your projects, documentation, and collaboration.","tips":[{"title":"Custom card title","description":"This overrides the card summary of the topic","url":"","type":"account"},{"title":"Another custom title","description":"This overrides the card summary of the topic","url":"","type":"search"}],"main":{"title":"Get started","data":[{"title":"Getting Started","description":"Getting Started with FCI/Devhub This section provides an overview of the topics related to FCI/Devhub. Implementing FCI/Devhub can significantly enhance your development workflow, providing a centralized platform for managing your projects, documentation, and collaboration. Custom…","url":""},{"title":"Getting Started","description":"With a custom card summary","url":""},{"title":"Custom card title","description":"Getting Started with FCI/Devhub This section provides an overview of the topics related to FCI/Devhub. Implementing FCI/Devhub can significantly enhance your development workflow, providing a centralized platform for managing your projects, documentation, and collaboration. Custom…","url":""},{"title":"Custom card title","description":"With a custom card summary","url":""}]},"highlighted":{"title":"Explore advanced features","data":[{"title":"Getting Started","description":"Getting Started with FCI/Devhub This section provides an overview of the topics related to FCI/Devhub. Implementing FCI/Devhub can significantly enhance your development workflow, providing a centralized platform for managing your projects, documentation, and collaboration. Custom…","url":""},{"title":"Getting Started","description":"With a custom card summary","url":""},{"title":"Custom card title","description":"Getting Started with FCI/Devhub This section provides an overview of the topics related to FCI/Devhub. Implementing FCI/Devhub can significantly enhance your development workflow, providing a centralized platform for managing your projects, documentation, and collaboration. Custom…","url":""},{"title":"Custom card title","description":"With a custom card summary","url":""}]},"groups":[{"title":"Other relevant topics as wide cards","type":"cards","display":"wide","data":[{"title":"Getting Started","description":"Getting Started with FCI/Devhub This section provides an overview of the topics related to FCI/Devhub. Implementing FCI/Devhub can significantly enhance your development workflow, providing a centralized platform for managing your projects, documentation, and collaboration. Custom…","url":""},{"title":"Getting Started","description":"With a custom card summary","url":""},{"title":"Custom card title","description":"Getting Started with FCI/Devhub This section provides an overview of the topics related to FCI/Devhub. Implementing FCI/Devhub can significantly enhance your development workflow, providing a centralized platform for managing your projects, documentation, and collaboration. Custom…","url":""},{"title":"Custom card title","description":"With a custom card summary","url":""}]},{"title":"Other relevant topics as narrow cards","type":"cards","display":"normal","data":[{"title":"Getting Started","description":"Getting Started with FCI/Devhub This section provides an overview of the topics related to FCI/Devhub. Implementing FCI/Devhub can significantly enhance your development workflow, providing a centralized platform for managing your projects, documentation, and collaboration. Custom…","url":""},{"title":"Getting Started","description":"Getting Started with FCI/Devhub This section provides an overview of the topics related to FCI/Devhub. Implementing FCI/Devhub can significantly enhance your development workflow, providing a centralized platform for managing your projects, documentation, and collaboration. Custom…","url":""},{"title":"Getting Started","description":"With a custom card summary","url":""},{"title":"Custom card title","description":"Getting Started with FCI/Devhub This section provides an overview of the topics related to FCI/Devhub. Implementing FCI/Devhub can significantly enhance your development workflow, providing a centralized platform for managing your projects, documentation, and collaboration. Custom…","url":""},{"title":"Custom card title","description":"Getting Started with FCI/Devhub This section provides an overview of the topics related to FCI/Devhub. Implementing FCI/Devhub can significantly enhance your development workflow, providing a centralized platform for managing your projects, documentation, and collaboration. Custom…","url":""},{"title":"Custom card title","description":"With a custom card summary","url":""}]},{"type":"links","display":"wide","data":[{"title":"Other related topics as links","data":[{"title":"Getting Started","description":"Getting Started with FCI/Devhub This section provides an overview of the topics related to FCI/Devhub. Implementing FCI/Devhub can significantly enhance your development workflow, providing a centralized platform for managing your projects, documentation, and collaboration. Custom…","url":""},{"title":"Getting Started","description":"With a custom card summary","url":""},{"title":"Custom card title","description":"Getting Started with FCI/Devhub This section provides an overview of the topics related to FCI/Devhub. Implementing FCI/Devhub can significantly enhance your development workflow, providing a centralized platform for managing your projects, documentation, and collaboration. Custom…","url":""},{"title":"Custom card title","description":"With a custom card summary","url":""}]},{"title":"Two in a row","data":[{"title":"Getting Started","description":"Getting Started with FCI/Devhub This section provides an overview of the topics related to FCI/Devhub. Implementing FCI/Devhub can significantly enhance your development workflow, providing a centralized platform for managing your projects, documentation, and collaboration. Custom…","url":""},{"title":"Getting Started","description":"With a custom card summary","url":""},{"title":"Custom card title","description":"Getting Started with FCI/Devhub This section provides an overview of the topics related to FCI/Devhub. Implementing FCI/Devhub can significantly enhance your development workflow, providing a centralized platform for managing your projects, documentation, and collaboration. Custom…","url":""},{"title":"Custom card title","description":"With a custom card summary","url":""}]}]},{"type":"links","display":"normal","data":[{"title":"More related topics","data":[{"title":"Getting Started","description":"Getting Started with FCI/Devhub This section provides an overview of the topics related to FCI/Devhub. Implementing FCI/Devhub can significantly enhance your development workflow, providing a centralized platform for managing your projects, documentation, and collaboration. Custom…","url":""},{"title":"Getting Started","description":"With a custom card summary","url":""},{"title":"Custom card title","description":"Getting Started with FCI/Devhub This section provides an overview of the topics related to FCI/Devhub. Implementing FCI/Devhub can significantly enhance your development workflow, providing a centralized platform for managing your projects, documentation, and collaboration. Custom…","url":""},{"title":"Custom card title","description":"With a custom card summary","url":""}]},{"title":"Three in a row","data":[{"title":"Getting Started","description":"Getting Started with FCI/Devhub This section provides an overview of the topics related to FCI/Devhub. Implementing FCI/Devhub can significantly enhance your development workflow, providing a centralized platform for managing your projects, documentation, and collaboration. Custom…","url":""},{"title":"Getting Started","description":"Getting Started with FCI/Devhub This section provides an overview of the topics related to FCI/Devhub. Implementing FCI/Devhub can significantly enhance your development workflow, providing a centralized platform for managing your projects, documentation, and collaboration. Custom…","url":""},{"title":"Custom card title","description":"Getting Started with FCI/Devhub This section provides an overview of the topics related to FCI/Devhub. Implementing FCI/Devhub can significantly enhance your development workflow, providing a centralized platform for managing your projects, documentation, and collaboration. Custom…","url":""},{"title":"Custom card title","description":"Getting Started with FCI/Devhub This section provides an overview of the topics related to FCI/Devhub. Implementing FCI/Devhub can significantly enhance your development workflow, providing a centralized platform for managing your projects, documentation, and collaboration. Custom…","url":""}]},{"title":"Each group is narrow","data":[{"title":"Getting Started","description":"Getting Started with FCI/Devhub This section provides an overview of the topics related to FCI/Devhub. Implementing FCI/Devhub can significantly enhance your development workflow, providing a centralized platform for managing your projects, documentation, and collaboration. Custom…","url":""},{"title":"Getting Started","description":"Getting Started with FCI/Devhub This section provides an overview of the topics related to FCI/Devhub. Implementing FCI/Devhub can significantly enhance your development workflow, providing a centralized platform for managing your projects, documentation, and collaboration. Custom…","url":""},{"title":"Custom card title","description":"Getting Started with FCI/Devhub This section provides an overview of the topics related to FCI/Devhub. Implementing FCI/Devhub can significantly enhance your development workflow, providing a centralized platform for managing your projects, documentation, and collaboration. Custom…","url":""},{"title":"Custom card title","description":"Getting Started with FCI/Devhub This section provides an overview of the topics related to FCI/Devhub. Implementing FCI/Devhub can significantly enhance your development workflow, providing a centralized platform for managing your projects, documentation, and collaboration. Custom…","url":""}]}]}],"prevNextLinks":{"nextPageUrl":"implementations.html","nextPageTitle":"Implementations"}}